{"features":[{"geometry":{"coordinates":[116.3094,39.8608],"type":"Point"},"id":"fid-56255e06_16a2f4f9946_-6639","type":"Feature","properties":{"start_time":"1406879314000","start_lat":"39.88577","end_time":"1406879614000","car_id":"0cce4fd972f5aac17d9f77716d5f71dc","end_lon":"116.27698"}},{"geometry":{"coordinates":[116.332,39.8927],"type":"Point"},"id":"fid-56255e06_16a2f4f9946_-663a","type":"Feature","properties":{"start_time":"1406878500000","start_lat":"39.88874","end_time":"1406878653000","car_id":"0cce4fd972f5aac17d9f77716d5f71dc","end_lon":"116.32875"}},{"geometry":{"coordinates":[116.3436,39.8959],"type":"Point"},"id":"fid-56255e06_16a2f4f9946_-663b","type":"Feature","properties":{"start_time":"1406876969000","start_lat":"39.8955","end_time":"1406876729000","car_id":"0cce4fd972f5aac17d9f77716d5f71dc","end_lon":"116.33045"}},{"geometry":{"coordinates":[116.2687,39.8961],"type":"Point"},"id":"fid-56255e06_16a2f4f9946_-663c","type":"Feature","properties":{"start_time":"1406875707000","start_lat":"39.91801","end_time":"1406876849000","car_id":"0cce4fd972f5aac17d9f77716d5f71dc","end_lon":"116.33589"}},{"geometry":{"coordinates":[116.2678,39.9271],"type":"Point"},"id":"fid-56255e06_16a2f4f9946_-663d","type":"Feature","properties":{"start_time":"1406875827000","start_lat":"39.90884","end_time":"1406875586000","car_id":"0cce4fd972f5aac17d9f77716d5f71dc","end_lon":"116.26984"}},{"geometry":{"coordinates":[116.2699,39.9271],"type":"Point"},"id":"fid-56255e06_16a2f4f9946_-663e","type":"Feature","properties":{"start_time":"1406875466000","start_lat":"39.92708","end_time":"1406875459000","car_id":"0cce4fd972f5aac17d9f77716d5f71dc","end_lon":"116.26983"}},{"geometry":{"coordinates":[116.3104,39.9783],"type":"Point"},"id":"fid-56255e06_16a2f4f9946_-663f","type":"Feature","properties":{"start_time":"1406864091000","start_lat":"39.98013","end_time":"1406864151000","car_id":"0cce4fd972f5aac17d9f77716d5f71dc","end_lon":"116.3105"}},{"geometry":{"coordinates":[116.2744,39.9839],"type":"Point"},"id":"fid-56255e06_16a2f4f9946_-6640","type":"Feature","properties":{"start_time":"1406863515000","start_lat":"39.95862","end_time":"1406863970000","car_id":"0cce4fd972f5aac17d9f77716d5f71dc","end_lon":"116.30738"}},{"geometry":{"coordinates":[116.2743,39.96],"type":"Point"},"id":"fid-56255e06_16a2f4f9946_-6641","type":"Feature","properties":{"start_time":"1406863428000","start_lat":"39.95965","end_time":"1406863369000","car_id":"0cce4fd972f5aac17d9f77716d5f71dc","end_lon":"116.27031"}},{"geometry":{"coordinates":[116.3207,39.9674],"type":"Point"},"id":"fid-56255e06_16a2f4f9946_-6642","type":"Feature","properties":{"start_time":"1406862206000","start_lat":"39.87819","end_time":"1406863668000","car_id":"0cce4fd972f5aac17d9f77716d5f71dc","end_lon":"116.26899"}},{"geometry":{"coordinates":[116.3149,39.8763],"type":"Point"},"id":"fid-56255e06_16a2f4f9946_-6643","type":"Feature","properties":{"start_time":"1406861685000","start_lat":"39.87917","end_time":"1406861805000","car_id":"0cce4fd972f5aac17d9f77716d5f71dc","end_lon":"116.3206"}},{"geometry":{"coordinates":[116.3195,39.8759],"type":"Point"},"id":"fid-56255e06_16a2f4f9946_-6644","type":"Feature","properties":{"start_time":"1406860618000","start_lat":"39.93233","end_time":"1406861865000","car_id":"0cce4fd972f5aac17d9f77716d5f71dc","end_lon":"116.32271"}},{"geometry":{"coordinates":[116.3052,39.9312],"type":"Point"},"id":"fid-56255e06_16a2f4f9946_-6645","type":"Feature","properties":{"start_time":"1406860845000","start_lat":"39.93113","end_time":"1406860783000","car_id":"0cce4fd972f5aac17d9f77716d5f71dc","end_lon":"116.30537"}},{"geometry":{"coordinates":[116.3199,39.9306],"type":"Point"},"id":"fid-56255e06_16a2f4f9946_-6646","type":"Feature","properties":{"start_time":"1406859822000","start_lat":"39.92295","end_time":"1406859943000","car_id":"0cce4fd972f5aac17d9f77716d5f71dc","end_lon":"116.31974"}},{"geometry":{"coordinates":[116.3201,39.9264],"type":"Point"},"id":"fid-56255e06_16a2f4f9946_-6647","type":"Feature","properties":{"start_time":"1406860063000","start_lat":"39.93286","end_time":"1406859883000","car_id":"0cce4fd972f5aac17d9f77716d5f71dc","end_lon":"116.31975"}},{"geometry":{"coordinates":[116.3536,39.9218],"type":"Point"},"id":"fid-56255e06_16a2f4f9946_-6648","type":"Feature","properties":{"start_time":"1406859101000","start_lat":"39.92003","end_time":"1406858801000","car_id":"0cce4fd972f5aac17d9f77716d5f71dc","end_lon":"116.3348"}},{"geometry":{"coordinates":[116.2924,39.9218],"type":"Point"},"id":"fid-56255e06_16a2f4f9946_-6649","type":"Feature","properties":{"start_time":"1406858440000","start_lat":"39.92269","end_time":"1406858861000","car_id":"0cce4fd972f5aac17d9f77716d5f71dc","end_lon":"116.33546"}},{"geometry":{"coordinates":[116.2985,39.9227],"type":"Point"},"id":"fid-56255e06_16a2f4f9946_-664a","type":"Feature","properties":{"start_time":"1406858204000","start_lat":"39.92298","end_time":"1406858380000","car_id":"0cce4fd972f5aac17d9f77716d5f71dc","end_lon":"116.29164"}},{"geometry":{"coordinates":[116.318,39.9557],"type":"Point"},"id":"fid-56255e06_16a2f4f9946_-664b","type":"Feature","properties":{"start_time":"1406857357000","start_lat":"39.95025","end_time":"1406857478000","car_id":"0cce4fd972f5aac17d9f77716d5f71dc","end_lon":"116.31152"}},{"geometry":{"coordinates":[116.3092,39.9556],"type":"Point"},"id":"fid-56255e06_16a2f4f9946_-664c","type":"Feature","properties":{"start_time":"1406857538000","start_lat":"39.95577","end_time":"1406857417000","car_id":"0cce4fd972f5aac17d9f77716d5f71dc","end_lon":"116.31614"}},{"geometry":{"coordinates":[116.3244,39.9371],"type":"Point"},"id":"fid-56255e06_16a2f4f9946_-664d","type":"Feature","properties":{"start_time":"1406857118000","start_lat":"39.93737","end_time":"1406857089000","car_id":"0cce4fd972f5aac17d9f77716d5f71dc","end_lon":"116.32865"}},{"geometry":{"coordinates":[116.3182,39.9499],"type":"Point"},"id":"fid-56255e06_16a2f4f9946_-664e","type":"Feature","properties":{"start_time":"1406857238000","start_lat":"39.9492","end_time":"1406857298000","car_id":"0cce4fd972f5aac17d9f77716d5f71dc","end_lon":"116.31805"}},{"geometry":{"coordinates":[116.2496,39.9369],"type":"Point"},"id":"fid-56255e06_16a2f4f9946_-664f","type":"Feature","properties":{"start_time":"1406855434000","start_lat":"39.92825","end_time":"1406856456000","car_id":"0cce4fd972f5aac17d9f77716d5f71dc","end_lon":"116.33278"}},{"geometry":{"coordinates":[116.1797,39.9332],"type":"Point"},"id":"fid-56255e06_16a2f4f9946_-6650","type":"Feature","properties":{"start_time":"1406854112000","start_lat":"39.93306","end_time":"1406854171000","car_id":"0cce4fd972f5aac17d9f77716d5f71dc","end_lon":"116.18307"}},{"geometry":{"coordinates":[116.1539,39.9274],"type":"Point"},"id":"fid-56255e06_16a2f4f9946_-6651","type":"Feature","properties":{"start_time":"1406853571000","start_lat":"39.9272","end_time":"1406853931000","car_id":"0cce4fd972f5aac17d9f77716d5f71dc","end_lon":"116.17651"}},{"geometry":{"coordinates":[116.1668,39.9251],"type":"Point"},"id":"fid-56255e06_16a2f4f9946_-6652","type":"Feature","properties":{"start_time":"1406853751000","start_lat":"39.92485","end_time":"1406853631000","car_id":"0cce4fd972f5aac17d9f77716d5f71dc","end_lon":"116.15483"}},{"geometry":{"coordinates":[116.6751,39.8639],"type":"Point"},"id":"fid-56255e06_16a2f4f9946_-6653","type":"Feature","properties":{"start_time":"1406890444000","start_lat":"39.86353","end_time":"1406890624000","car_id":"2763295c8d712458930c2e5682e3452f","end_lon":"116.6783"}},{"geometry":{"coordinates":[116.4732,39.8623],"type":"Point"},"id":"fid-56255e06_16a2f4f9946_-6654","type":"Feature","properties":{"start_time":"1406887924000","start_lat":"39.90674","end_time":"1406890264000","car_id":"2763295c8d712458930c2e5682e3452f","end_lon":"116.65448"}},{"geometry":{"coordinates":[116.4706,39.9067],"type":"Point"},"id":"fid-56255e06_16a2f4f9946_-6655","type":"Feature","properties":{"start_time":"1406887804000","start_lat":"39.90673","end_time":"1406887864000","car_id":"2763295c8d712458930c2e5682e3452f","end_lon":"116.47155"}},{"geometry":{"coordinates":[116.4639,39.9037],"type":"Point"},"id":"fid-56255e06_16a2f4f9946_-6656","type":"Feature","properties":{"start_time":"1406886334000","start_lat":"39.90379","end_time":"1406886394000","car_id":"2763295c8d712458930c2e5682e3452f","end_lon":"116.46094"}},{"geometry":{"coordinates":[116.332,39.9067],"type":"Point"},"id":"fid-56255e06_16a2f4f9946_-6657","type":"Feature","properties":{"start_time":"1406882193000","start_lat":"39.9127","end_time":"1406886213000","car_id":"2763295c8d712458930c2e5682e3452f","end_lon":"116.46615"}},{"geometry":{"coordinates":[116.3269,39.9219],"type":"Point"},"id":"fid-56255e06_16a2f4f9946_-6658","type":"Feature","properties":{"start_time":"1406881861000","start_lat":"39.93108","end_time":"1406882013000","car_id":"2763295c8d712458930c2e5682e3452f","end_lon":"116.32841"}},{"geometry":{"coordinates":[116.3136,39.931],"type":"Point"},"id":"fid-56255e06_16a2f4f9946_-6659","type":"Feature","properties":{"start_time":"1406881353000","start_lat":"39.935","end_time":"1406881893000","car_id":"2763295c8d712458930c2e5682e3452f","end_lon":"116.32733"}},{"geometry":{"coordinates":[116.2991,39.946],"type":"Point"},"id":"fid-56255e06_16a2f4f9946_-665a","type":"Feature","properties":{"start_time":"1406881173000","start_lat":"39.94267","end_time":"1406881112000","car_id":"2763295c8d712458930c2e5682e3452f","end_lon":"116.28977"}},{"geometry":{"coordinates":[116.2747,39.9498],"type":"Point"},"id":"fid-56255e06_16a2f4f9946_-665b","type":"Feature","properties":{"start_time":"1406880393000","start_lat":"39.95154","end_time":"1406880333000","car_id":"2763295c8d712458930c2e5682e3452f","end_lon":"116.27523"}},{"geometry":{"coordinates":[116.4714,39.9516],"type":"Point"},"id":"fid-56255e06_16a2f4f9946_-665c","type":"Feature","properties":{"start_time":"1406875352000","start_lat":"39.89139","end_time":"1406880453000","car_id":"2763295c8d712458930c2e5682e3452f","end_lon":"116.27438"}},{"geometry":{"coordinates":[116.4716,39.8921],"type":"Point"},"id":"fid-56255e06_16a2f4f9946_-665d","type":"Feature","properties":{"start_time":"1406875052000","start_lat":"39.89585","end_time":"1406875532000","car_id":"2763295c8d712458930c2e5682e3452f","end_lon":"116.46687"}},{"geometry":{"coordinates":[116.4707,39.8918],"type":"Point"},"id":"fid-56255e06_16a2f4f9946_-665e","type":"Feature","properties":{"start_time":"1406875472000","start_lat":"39.89201","end_time":"1406875112000","car_id":"2763295c8d712458930c2e5682e3452f","end_lon":"116.47119"}},{"geometry":{"coordinates":[116.456,39.9109],"type":"Point"},"id":"fid-56255e06_16a2f4f9946_-665f","type":"Feature","properties":{"start_time":"1406867840000","start_lat":"39.90571","end_time":"1406868583000","car_id":"2763295c8d712458930c2e5682e3452f","end_lon":"116.42072"}},{"geometry":{"coordinates":[116.455,39.9063],"type":"Point"},"id":"fid-56255e06_16a2f4f9946_-6660","type":"Feature","properties":{"start_time":"1406867983000","start_lat":"39.90735","end_time":"1406867863000","car_id":"2763295c8d712458930c2e5682e3452f","end_lon":"116.45591"}},{"geometry":{"coordinates":[116.4517,39.883],"type":"Point"},"id":"fid-56255e06_16a2f4f9946_-6661","type":"Feature","properties":{"start_time":"1406866603000","start_lat":"39.88321","end_time":"1406866723000","car_id":"2763295c8d712458930c2e5682e3452f","end_lon":"116.45267"}},{"geometry":{"coordinates":[116.4559,39.8988],"type":"Point"},"id":"fid-56255e06_16a2f4f9946_-6662","type":"Feature","properties":{"start_time":"1406865918000","start_lat":"39.92774","end_time":"1406866423000","car_id":"2763295c8d712458930c2e5682e3452f","end_lon":"116.45534"}},{"geometry":{"coordinates":[116.4556,39.9444],"type":"Point"},"id":"fid-56255e06_16a2f4f9946_-6663","type":"Feature","properties":{"start_time":"1406864263000","start_lat":"39.91676","end_time":"1406864743000","car_id":"2763295c8d712458930c2e5682e3452f","end_lon":"116.45645"}},{"geometry":{"coordinates":[116.4551,39.9068],"type":"Point"},"id":"fid-56255e06_16a2f4f9946_-6664","type":"Feature","properties":{"start_time":"1406863603000","start_lat":"39.90792","end_time":"1406863843000","car_id":"2763295c8d712458930c2e5682e3452f","end_lon":"116.46599"}},{"geometry":{"coordinates":[116.4557,39.9067],"type":"Point"},"id":"fid-56255e06_16a2f4f9946_-6665","type":"Feature","properties":{"start_time":"1406862797000","start_lat":"39.89951","end_time":"1406863663000","car_id":"2763295c8d712458930c2e5682e3452f","end_lon":"116.45539"}},{"geometry":{"coordinates":[116.4551,39.9009],"type":"Point"},"id":"fid-56255e06_16a2f4f9946_-6666","type":"Feature","properties":{"start_time":"1406862390000","start_lat":"39.89289","end_time":"1406862822000","car_id":"2763295c8d712458930c2e5682e3452f","end_lon":"116.4562"}},{"geometry":{"coordinates":[116.4371,39.8931],"type":"Point"},"id":"fid-56255e06_16a2f4f9946_-6667","type":"Feature","properties":{"start_time":"1406862030000","start_lat":"39.89232","end_time":"1406862150000","car_id":"2763295c8d712458930c2e5682e3452f","end_lon":"116.44969"}},{"geometry":{"coordinates":[116.4548,39.8922],"type":"Point"},"id":"fid-56255e06_16a2f4f9946_-6668","type":"Feature","properties":{"start_time":"1406862330000","start_lat":"39.89586","end_time":"1406861967000","car_id":"2763295c8d712458930c2e5682e3452f","end_lon":"116.43177"}},{"geometry":{"coordinates":[116.4302,39.8912],"type":"Point"},"id":"fid-56255e06_16a2f4f9946_-6669","type":"Feature","properties":{"start_time":"1406858490000","start_lat":"39.93871","end_time":"1406861490000","car_id":"2763295c8d712458930c2e5682e3452f","end_lon":"116.40128"}},{"geometry":{"coordinates":[116.529,39.9324],"type":"Point"},"id":"fid-56255e06_16a2f4f9946_-666a","type":"Feature","properties":{"start_time":"1406856330000","start_lat":"39.92251","end_time":"1406858190000","car_id":"2763295c8d712458930c2e5682e3452f","end_lon":"116.44498"}},{"geometry":{"coordinates":[116.5517,39.9227],"type":"Point"},"id":"fid-56255e06_16a2f4f9946_-666b","type":"Feature","properties":{"start_time":"1406856149000","start_lat":"39.92297","end_time":"1406856450000","car_id":"2763295c8d712458930c2e5682e3452f","end_lon":"116.51621"}},{"geometry":{"coordinates":[116.5481,39.9231],"type":"Point"},"id":"fid-56255e06_16a2f4f9946_-666c","type":"Feature","properties":{"start_time":"1406856210000","start_lat":"39.92288","end_time":"1406856088000","car_id":"2763295c8d712458930c2e5682e3452f","end_lon":"116.55785"}},{"geometry":{"coordinates":[116.6177,39.9879],"type":"Point"},"id":"fid-56255e06_16a2f4f9946_-666d","type":"Feature","properties":{"start_time":"1406853215000","start_lat":"39.96122","end_time":"1406853515000","car_id":"2763295c8d712458930c2e5682e3452f","end_lon":"116.62125"}},{"geometry":{"coordinates":[116.6517,39.9277],"type":"Point"},"id":"fid-56255e06_16a2f4f9946_-666e","type":"Feature","properties":{"start_time":"1406852495000","start_lat":"39.92167","end_time":"1406852959000","car_id":"2763295c8d712458930c2e5682e3452f","end_lon":"116.62186"}},{"geometry":{"coordinates":[116.6505,39.9226],"type":"Point"},"id":"fid-56255e06_16a2f4f9946_-666f","type":"Feature","properties":{"start_time":"1406852555000","start_lat":"39.92304","end_time":"1406852315000","car_id":"2763295c8d712458930c2e5682e3452f","end_lon":"116.68138"}},{"geometry":{"coordinates":[116.3939,39.9406],"type":"Point"},"id":"fid-56255e06_16a2f4f9946_-6670","type":"Feature","properties":{"start_time":"1406887650000","start_lat":"39.8102","end_time":"1406908229000","car_id":"f0291de26beeb71c7a8bcb3d32528ce6","end_lon":"116.45535"}},{"geometry":{"coordinates":[116.4706,39.8102],"type":"Point"},"id":"fid-56255e06_16a2f4f9946_-6671","type":"Feature","properties":{"start_time":"1406859644000","start_lat":"39.93225","end_time":"1406887830000","car_id":"f0291de26beeb71c7a8bcb3d32528ce6","end_lon":"116.39392"}},{"geometry":{"coordinates":[116.333,40.0714],"type":"Point"},"id":"fid-56255e06_16a2f4f9946_-6672","type":"Feature","properties":{"start_time":"1406907927000","start_lat":"40.07438","end_time":"1406907746000","car_id":"8c5fd349108e939dc0e9d54f194bf80c","end_lon":"116.33357"}},{"geometry":{"coordinates":[116.431,40.0701],"type":"Point"},"id":"fid-56255e06_16a2f4f9946_-6673","type":"Feature","properties":{"start_time":"1406906324000","start_lat":"39.97919","end_time":"1406907565000","car_id":"8c5fd349108e939dc0e9d54f194bf80c","end_lon":"116.31912"}},{"geometry":{"coordinates":[116.4258,39.9682],"type":"Point"},"id":"fid-56255e06_16a2f4f9946_-6674","type":"Feature","properties":{"start_time":"1406906419000","start_lat":"39.97098","end_time":"1406906479000","car_id":"8c5fd349108e939dc0e9d54f194bf80c","end_lon":"116.41874"}},{"geometry":{"coordinates":[116.4035,39.9873],"type":"Point"},"id":"fid-56255e06_16a2f4f9946_-6675","type":"Feature","properties":{"start_time":"1406905815000","start_lat":"39.98693","end_time":"1406905937000","car_id":"8c5fd349108e939dc0e9d54f194bf80c","end_lon":"116.41751"}},{"geometry":{"coordinates":[116.3968,39.9906],"type":"Point"},"id":"fid-56255e06_16a2f4f9946_-6676","type":"Feature","properties":{"start_time":"1406905634000","start_lat":"39.9885","end_time":"1406905695000","car_id":"8c5fd349108e939dc0e9d54f194bf80c","end_lon":"116.39946"}},{"geometry":{"coordinates":[116.4353,39.9874],"type":"Point"},"id":"fid-56255e06_16a2f4f9946_-6677","type":"Feature","properties":{"start_time":"1406904971000","start_lat":"39.988","end_time":"1406905755000","car_id":"8c5fd349108e939dc0e9d54f194bf80c","end_lon":"116.40114"}},{"geometry":{"coordinates":[116.4418,39.9938],"type":"Point"},"id":"fid-56255e06_16a2f4f9946_-6678","type":"Feature","properties":{"start_time":"1406904910000","start_lat":"39.98436","end_time":"1406905333000","car_id":"8c5fd349108e939dc0e9d54f194bf80c","end_lon":"116.39932"}},{"geometry":{"coordinates":[116.4389,39.9842],"type":"Point"},"id":"fid-56255e06_16a2f4f9946_-6679","type":"Feature","properties":{"start_time":"1406902331000","start_lat":"39.98516","end_time":"1406902512000","car_id":"8c5fd349108e939dc0e9d54f194bf80c","end_lon":"116.45493"}},{"geometry":{"coordinates":[116.347,39.9876],"type":"Point"},"id":"fid-56255e06_16a2f4f9946_-667a","type":"Feature","properties":{"start_time":"1406900582000","start_lat":"39.97528","end_time":"1406902151000","car_id":"8c5fd349108e939dc0e9d54f194bf80c","end_lon":"116.41777"}},{"geometry":{"coordinates":[116.3479,39.9863],"type":"Point"},"id":"fid-56255e06_16a2f4f9946_-667b","type":"Feature","properties":{"start_time":"1406900402000","start_lat":"39.98575","end_time":"1406900220000","car_id":"8c5fd349108e939dc0e9d54f194bf80c","end_lon":"116.3688"}},{"geometry":{"coordinates":[116.4677,39.9858],"type":"Point"},"id":"fid-56255e06_16a2f4f9946_-667c","type":"Feature","properties":{"start_time":"1406899498000","start_lat":"39.98385","end_time":"1406900341000","car_id":"8c5fd349108e939dc0e9d54f194bf80c","end_lon":"116.34788"}},{"geometry":{"coordinates":[116.4732,39.9784],"type":"Point"},"id":"fid-56255e06_16a2f4f9946_-667d","type":"Feature","properties":{"start_time":"1406899390000","start_lat":"39.98849","end_time":"1406899678000","car_id":"8c5fd349108e939dc0e9d54f194bf80c","end_lon":"116.46165"}},{"geometry":{"coordinates":[116.4707,39.9784],"type":"Point"},"id":"fid-56255e06_16a2f4f9946_-667e","type":"Feature","properties":{"start_time":"1406898777000","start_lat":"39.97771","end_time":"1406899618000","car_id":"8c5fd349108e939dc0e9d54f194bf80c","end_lon":"116.46165"}},{"geometry":{"coordinates":[116.4052,39.9872],"type":"Point"},"id":"fid-56255e06_16a2f4f9946_-667f","type":"Feature","properties":{"start_time":"1406897932000","start_lat":"39.96424","end_time":"1406899198000","car_id":"8c5fd349108e939dc0e9d54f194bf80c","end_lon":"116.47216"}},{"geometry":{"coordinates":[116.4358,39.9676],"type":"Point"},"id":"fid-56255e06_16a2f4f9946_-6680","type":"Feature","properties":{"start_time":"1406898294000","start_lat":"39.96465","end_time":"1406898173000","car_id":"8c5fd349108e939dc0e9d54f194bf80c","end_lon":"116.41123"}},{"geometry":{"coordinates":[116.4051,39.9653],"type":"Point"},"id":"fid-56255e06_16a2f4f9946_-6681","type":"Feature","properties":{"start_time":"1406898053000","start_lat":"39.96606","end_time":"1406898027000","car_id":"8c5fd349108e939dc0e9d54f194bf80c","end_lon":"116.40511"}},{"geometry":{"coordinates":[116.4128,39.9555],"type":"Point"},"id":"fid-56255e06_16a2f4f9946_-6682","type":"Feature","properties":{"start_time":"1406897391000","start_lat":"39.95087","end_time":"1406897602000","car_id":"8c5fd349108e939dc0e9d54f194bf80c","end_lon":"116.41257"}},{"geometry":{"coordinates":[116.4231,39.9555],"type":"Point"},"id":"fid-56255e06_16a2f4f9946_-6683","type":"Feature","properties":{"start_time":"1406896608000","start_lat":"39.97135","end_time":"1406897602000","car_id":"8c5fd349108e939dc0e9d54f194bf80c","end_lon":"116.41257"}},{"geometry":{"coordinates":[116.4631,39.9973],"type":"Point"},"id":"fid-56255e06_16a2f4f9946_-6684","type":"Feature","properties":{"start_time":"1406895283000","start_lat":"40.00038","end_time":"1406895523000","car_id":"8c5fd349108e939dc0e9d54f194bf80c","end_lon":"116.44915"}},{"geometry":{"coordinates":[116.4724,40.0053],"type":"Point"},"id":"fid-56255e06_16a2f4f9946_-6685","type":"Feature","properties":{"start_time":"1406894439000","start_lat":"40.00448","end_time":"1406894620000","car_id":"8c5fd349108e939dc0e9d54f194bf80c","end_lon":"116.48069"}},{"geometry":{"coordinates":[116.4717,39.9975],"type":"Point"},"id":"fid-56255e06_16a2f4f9946_-6686","type":"Feature","properties":{"start_time":"1406894259000","start_lat":"39.99708","end_time":"1406894319000","car_id":"8c5fd349108e939dc0e9d54f194bf80c","end_lon":"116.47269"}},{"geometry":{"coordinates":[116.4775,39.9952],"type":"Point"},"id":"fid-56255e06_16a2f4f9946_-6687","type":"Feature","properties":{"start_time":"1406893959000","start_lat":"39.99374","end_time":"1406893899000","car_id":"8c5fd349108e939dc0e9d54f194bf80c","end_lon":"116.47713"}},{"geometry":{"coordinates":[116.4651,39.9954],"type":"Point"},"id":"fid-56255e06_16a2f4f9946_-6688","type":"Feature","properties":{"start_time":"1406893719000","start_lat":"39.99241","end_time":"1406893779000","car_id":"8c5fd349108e939dc0e9d54f194bf80c","end_lon":"116.46861"}},{"geometry":{"coordinates":[116.4024,39.9919],"type":"Point"},"id":"fid-56255e06_16a2f4f9946_-6689","type":"Feature","properties":{"start_time":"1406891259000","start_lat":"39.97876","end_time":"1406893659000","car_id":"8c5fd349108e939dc0e9d54f194bf80c","end_lon":"116.46302"}},{"geometry":{"coordinates":[116.4069,39.9763],"type":"Point"},"id":"fid-56255e06_16a2f4f9946_-668a","type":"Feature","properties":{"start_time":"1406891439000","start_lat":"39.98675","end_time":"1406891219000","car_id":"8c5fd349108e939dc0e9d54f194bf80c","end_lon":"116.40165"}},{"geometry":{"coordinates":[116.4028,39.9845],"type":"Point"},"id":"fid-56255e06_16a2f4f9946_-668b","type":"Feature","properties":{"start_time":"1406891079000","start_lat":"39.97973","end_time":"1406891379000","car_id":"8c5fd349108e939dc0e9d54f194bf80c","end_lon":"116.40567"}},{"geometry":{"coordinates":[116.4106,39.9818],"type":"Point"},"id":"fid-56255e06_16a2f4f9946_-668c","type":"Feature","properties":{"start_time":"1406890837000","start_lat":"39.98839","end_time":"1406890957000","car_id":"8c5fd349108e939dc0e9d54f194bf80c","end_lon":"116.40454"}},{"geometry":{"coordinates":[116.412,39.9818],"type":"Point"},"id":"fid-56255e06_16a2f4f9946_-668d","type":"Feature","properties":{"start_time":"1406889756000","start_lat":"40.0285","end_time":"1406891019000","car_id":"8c5fd349108e939dc0e9d54f194bf80c","end_lon":"116.40437"}},{"geometry":{"coordinates":[116.4119,40.0318],"type":"Point"},"id":"fid-56255e06_16a2f4f9946_-668e","type":"Feature","properties":{"start_time":"1406889936000","start_lat":"40.03182","end_time":"1406890116000","car_id":"8c5fd349108e939dc0e9d54f194bf80c","end_lon":"116.41138"}},{"geometry":{"coordinates":[116.4117,40.0288],"type":"Point"},"id":"fid-56255e06_16a2f4f9946_-668f","type":"Feature","properties":{"start_time":"1406889215000","start_lat":"40.02396","end_time":"1406889876000","car_id":"8c5fd349108e939dc0e9d54f194bf80c","end_lon":"116.41205"}},{"geometry":{"coordinates":[116.4105,40.0001],"type":"Point"},"id":"fid-56255e06_16a2f4f9946_-6690","type":"Feature","properties":{"start_time":"1406888914000","start_lat":"40.00535","end_time":"1406888673000","car_id":"8c5fd349108e939dc0e9d54f194bf80c","end_lon":"116.40166"}},{"geometry":{"coordinates":[116.4157,40.0052],"type":"Point"},"id":"fid-56255e06_16a2f4f9946_-6691","type":"Feature","properties":{"start_time":"1406885009000","start_lat":"39.83543","end_time":"1406888874000","car_id":"8c5fd349108e939dc0e9d54f194bf80c","end_lon":"116.40934"}},{"geometry":{"coordinates":[116.4249,39.8305],"type":"Point"},"id":"fid-56255e06_16a2f4f9946_-6692","type":"Feature","properties":{"start_time":"1406884168000","start_lat":"39.83106","end_time":"1406884349000","car_id":"8c5fd349108e939dc0e9d54f194bf80c","end_lon":"116.42465"}},{"geometry":{"coordinates":[116.4347,39.8313],"type":"Point"},"id":"fid-56255e06_16a2f4f9946_-6693","type":"Feature","properties":{"start_time":"1406884108000","start_lat":"39.83101","end_time":"1406883988000","car_id":"8c5fd349108e939dc0e9d54f194bf80c","end_lon":"116.44162"}},{"geometry":{"coordinates":[116.4661,39.8338],"type":"Point"},"id":"fid-56255e06_16a2f4f9946_-6694","type":"Feature","properties":{"start_time":"1406883208000","start_lat":"39.83669","end_time":"1406883147000","car_id":"8c5fd349108e939dc0e9d54f194bf80c","end_lon":"116.46136"}},{"geometry":{"coordinates":[116.4499,39.8367],"type":"Point"},"id":"fid-56255e06_16a2f4f9946_-6695","type":"Feature","properties":{"start_time":"1406883087000","start_lat":"39.8315","end_time":"1406883268000","car_id":"8c5fd349108e939dc0e9d54f194bf80c","end_lon":"116.46612"}},{"geometry":{"coordinates":[116.3525,39.8379],"type":"Point"},"id":"fid-56255e06_16a2f4f9946_-6696","type":"Feature","properties":{"start_time":"1406882132000","start_lat":"39.79105","end_time":"1406883388000","car_id":"8c5fd349108e939dc0e9d54f194bf80c","end_lon":"116.46543"}},{"geometry":{"coordinates":[116.3609,39.7911],"type":"Point"},"id":"fid-56255e06_16a2f4f9946_-6697","type":"Feature","properties":{"start_time":"1406882363000","start_lat":"39.80146","end_time":"1406882131000","car_id":"8c5fd349108e939dc0e9d54f194bf80c","end_lon":"116.35245"}},{"geometry":{"coordinates":[116.3423,39.8884],"type":"Point"},"id":"fid-56255e06_16a2f4f9946_-6698","type":"Feature","properties":{"start_time":"1406865864000","start_lat":"39.88422","end_time":"1406865804000","car_id":"8c5fd349108e939dc0e9d54f194bf80c","end_lon":"116.34262"}},{"geometry":{"coordinates":[116.3699,39.8817],"type":"Point"},"id":"fid-56255e06_16a2f4f9946_-6699","type":"Feature","properties":{"start_time":"1406865152000","start_lat":"39.87737","end_time":"1406865624000","car_id":"8c5fd349108e939dc0e9d54f194bf80c","end_lon":"116.34391"}},{"geometry":{"coordinates":[116.3485,39.8772],"type":"Point"},"id":"fid-56255e06_16a2f4f9946_-669a","type":"Feature","properties":{"start_time":"1406865444000","start_lat":"39.87657","end_time":"1406865564000","car_id":"8c5fd349108e939dc0e9d54f194bf80c","end_lon":"116.34426"}},{"geometry":{"coordinates":[116.3938,39.887],"type":"Point"},"id":"fid-56255e06_16a2f4f9946_-669b","type":"Feature","properties":{"start_time":"1406864664000","start_lat":"39.88531","end_time":"1406864544000","car_id":"8c5fd349108e939dc0e9d54f194bf80c","end_lon":"116.40587"}},{"geometry":{"coordinates":[116.4123,39.8869],"type":"Point"},"id":"fid-56255e06_16a2f4f9946_-669c","type":"Feature","properties":{"start_time":"1406864304000","start_lat":"39.89793","end_time":"1406864604000","car_id":"8c5fd349108e939dc0e9d54f194bf80c","end_lon":"116.40163"}},{"geometry":{"coordinates":[116.4204,39.9073],"type":"Point"},"id":"fid-56255e06_16a2f4f9946_-669d","type":"Feature","properties":{"start_time":"1406863404000","start_lat":"39.91373","end_time":"1406863104000","car_id":"8c5fd349108e939dc0e9d54f194bf80c","end_lon":"116.43575"}},{"geometry":{"coordinates":[116.4423,39.9072],"type":"Point"},"id":"fid-56255e06_16a2f4f9946_-669e","type":"Feature","properties":{"start_time":"1406862804000","start_lat":"39.9121","end_time":"1406863224000","car_id":"8c5fd349108e939dc0e9d54f194bf80c","end_lon":"116.42616"}},{"geometry":{"coordinates":[116.3589,39.917],"type":"Point"},"id":"fid-56255e06_16a2f4f9946_-669f","type":"Feature","properties":{"start_time":"1406860584000","start_lat":"39.8459","end_time":"1406862144000","car_id":"8c5fd349108e939dc0e9d54f194bf80c","end_lon":"116.42863"}},{"geometry":{"coordinates":[116.364,39.8341],"type":"Point"},"id":"fid-56255e06_16a2f4f9946_-66a0","type":"Feature","properties":{"start_time":"1406859203000","start_lat":"39.83879","end_time":"1406859263000","car_id":"8c5fd349108e939dc0e9d54f194bf80c","end_lon":"116.36459"}},{"geometry":{"coordinates":[116.3648,39.8443],"type":"Point"},"id":"fid-56255e06_16a2f4f9946_-66a1","type":"Feature","properties":{"start_time":"1406859323000","start_lat":"39.83609","end_time":"1406859081000","car_id":"8c5fd349108e939dc0e9d54f194bf80c","end_lon":"116.35866"}},{"geometry":{"coordinates":[116.3686,39.8558],"type":"Point"},"id":"fid-56255e06_16a2f4f9946_-66a2","type":"Feature","properties":{"start_time":"1406858181000","start_lat":"39.85591","end_time":"1406858061000","car_id":"8c5fd349108e939dc0e9d54f194bf80c","end_lon":"116.38787"}},{"geometry":{"coordinates":[116.3951,39.8525],"type":"Point"},"id":"fid-56255e06_16a2f4f9946_-66a3","type":"Feature","properties":{"start_time":"1406857521000","start_lat":"39.83485","end_time":"1406857881000","car_id":"8c5fd349108e939dc0e9d54f194bf80c","end_lon":"116.39409"}},{"geometry":{"coordinates":[116.3922,39.7953],"type":"Point"},"id":"fid-56255e06_16a2f4f9946_-66a4","type":"Feature","properties":{"start_time":"1406856321000","start_lat":"39.79427","end_time":"1406855961000","car_id":"8c5fd349108e939dc0e9d54f194bf80c","end_lon":"116.3731"}},{"geometry":{"coordinates":[116.3428,39.7952],"type":"Point"},"id":"fid-56255e06_16a2f4f9946_-66a5","type":"Feature","properties":{"start_time":"1406855541000","start_lat":"39.7888","end_time":"1406856021000","car_id":"8c5fd349108e939dc0e9d54f194bf80c","end_lon":"116.37812"}},{"geometry":{"coordinates":[116.3291,39.7893],"type":"Point"},"id":"fid-56255e06_16a2f4f9946_-66a6","type":"Feature","properties":{"start_time":"1406855421000","start_lat":"39.7892","end_time":"1406855397000","car_id":"8c5fd349108e939dc0e9d54f194bf80c","end_lon":"116.32595"}},{"geometry":{"coordinates":[116.3256,40.0129],"type":"Point"},"id":"fid-56255e06_16a2f4f9946_-66a7","type":"Feature","properties":{"start_time":"1406897766000","start_lat":"40.03695","end_time":"1406898324000","car_id":"eeb0e1ec05c60cb842c81a5c5bf082af","end_lon":"116.28708"}},{"geometry":{"coordinates":[116.3261,40.0387],"type":"Point"},"id":"fid-56255e06_16a2f4f9946_-66a8","type":"Feature","properties":{"start_time":"1406897816000","start_lat":"40.03563","end_time":"1406897542000","car_id":"eeb0e1ec05c60cb842c81a5c5bf082af","end_lon":"116.32363"}},{"geometry":{"coordinates":[116.3843,40.0341],"type":"Point"},"id":"fid-56255e06_16a2f4f9946_-66a9","type":"Feature","properties":{"start_time":"1406896821000","start_lat":"40.02127","end_time":"1406897302000","car_id":"eeb0e1ec05c60cb842c81a5c5bf082af","end_lon":"116.31749"}},{"geometry":{"coordinates":[116.4093,40.0077],"type":"Point"},"id":"fid-56255e06_16a2f4f9946_-66aa","type":"Feature","properties":{"start_time":"1406896581000","start_lat":"40.00806","end_time":"1406896521000","car_id":"eeb0e1ec05c60cb842c81a5c5bf082af","end_lon":"116.41039"}},{"geometry":{"coordinates":[116.4306,39.9581],"type":"Point"},"id":"fid-56255e06_16a2f4f9946_-66ab","type":"Feature","properties":{"start_time":"1406891502000","start_lat":"39.96125","end_time":"1406891320000","car_id":"eeb0e1ec05c60cb842c81a5c5bf082af","end_lon":"116.42514"}},{"geometry":{"coordinates":[116.4284,39.958],"type":"Point"},"id":"fid-56255e06_16a2f4f9946_-66ac","type":"Feature","properties":{"start_time":"1406889939000","start_lat":"39.95544","end_time":"1406890180000","car_id":"eeb0e1ec05c60cb842c81a5c5bf082af","end_lon":"116.41929"}},{"geometry":{"coordinates":[116.4559,39.9502],"type":"Point"},"id":"fid-56255e06_16a2f4f9946_-66ad","type":"Feature","properties":{"start_time":"1406888376000","start_lat":"39.94768","end_time":"1406888917000","car_id":"eeb0e1ec05c60cb842c81a5c5bf082af","end_lon":"116.44818"}},{"geometry":{"coordinates":[116.4572,39.9441],"type":"Point"},"id":"fid-56255e06_16a2f4f9946_-66ae","type":"Feature","properties":{"start_time":"1406888110000","start_lat":"39.94312","end_time":"1406888136000","car_id":"eeb0e1ec05c60cb842c81a5c5bf082af","end_lon":"116.45604"}},{"geometry":{"coordinates":[116.4516,39.9425],"type":"Point"},"id":"fid-56255e06_16a2f4f9946_-66af","type":"Feature","properties":{"start_time":"1406886452000","start_lat":"39.95415","end_time":"1406886873000","car_id":"eeb0e1ec05c60cb842c81a5c5bf082af","end_lon":"116.45548"}},{"geometry":{"coordinates":[116.4407,39.9538],"type":"Point"},"id":"fid-56255e06_16a2f4f9946_-66b0","type":"Feature","properties":{"start_time":"1406885671000","start_lat":"39.94861","end_time":"1406886091000","car_id":"eeb0e1ec05c60cb842c81a5c5bf082af","end_lon":"116.43783"}},{"geometry":{"coordinates":[116.576,39.922],"type":"Point"},"id":"fid-56255e06_16a2f4f9946_-66b1","type":"Feature","properties":{"start_time":"1406882363000","start_lat":"39.97694","end_time":"1406883986000","car_id":"eeb0e1ec05c60cb842c81a5c5bf082af","end_lon":"116.50886"}},{"geometry":{"coordinates":[116.6112,40.0533],"type":"Point"},"id":"fid-56255e06_16a2f4f9946_-66b2","type":"Feature","properties":{"start_time":"1406877755000","start_lat":"40.0461","end_time":"1406877815000","car_id":"eeb0e1ec05c60cb842c81a5c5bf082af","end_lon":"116.61228"}},{"geometry":{"coordinates":[116.4548,40.0269],"type":"Point"},"id":"fid-56255e06_16a2f4f9946_-66b3","type":"Feature","properties":{"start_time":"1406876553000","start_lat":"39.96223","end_time":"1406877574000","car_id":"eeb0e1ec05c60cb842c81a5c5bf082af","end_lon":"116.60138"}},{"geometry":{"coordinates":[116.402,39.9679],"type":"Point"},"id":"fid-56255e06_16a2f4f9946_-66b4","type":"Feature","properties":{"start_time":"1406874629000","start_lat":"39.96805","end_time":"1406874568000","car_id":"eeb0e1ec05c60cb842c81a5c5bf082af","end_lon":"116.40693"}},{"geometry":{"coordinates":[116.435,39.9618],"type":"Point"},"id":"fid-56255e06_16a2f4f9946_-66b5","type":"Feature","properties":{"start_time":"1406874268000","start_lat":"39.96134","end_time":"1406874328000","car_id":"eeb0e1ec05c60cb842c81a5c5bf082af","end_lon":"116.43953"}},{"geometry":{"coordinates":[116.4356,39.9685],"type":"Point"},"id":"fid-56255e06_16a2f4f9946_-66b6","type":"Feature","properties":{"start_time":"1406874388000","start_lat":"39.96492","end_time":"1406874448000","car_id":"eeb0e1ec05c60cb842c81a5c5bf082af","end_lon":"116.42761"}},{"geometry":{"coordinates":[116.4334,39.9498],"type":"Point"},"id":"fid-56255e06_16a2f4f9946_-66b7","type":"Feature","properties":{"start_time":"1406873487000","start_lat":"39.95391","end_time":"1406873547000","car_id":"eeb0e1ec05c60cb842c81a5c5bf082af","end_lon":"116.43388"}},{"geometry":{"coordinates":[116.462,39.9225],"type":"Point"},"id":"fid-56255e06_16a2f4f9946_-66b8","type":"Feature","properties":{"start_time":"1406865757000","start_lat":"39.98543","end_time":"1406866658000","car_id":"eeb0e1ec05c60cb842c81a5c5bf082af","end_lon":"116.45534"}},{"geometry":{"coordinates":[116.4353,39.9879],"type":"Point"},"id":"fid-56255e06_16a2f4f9946_-66b9","type":"Feature","properties":{"start_time":"1406864615000","start_lat":"40.03016","end_time":"1406865697000","car_id":"eeb0e1ec05c60cb842c81a5c5bf082af","end_lon":"116.46037"}},{"geometry":{"coordinates":[116.4132,40.0197],"type":"Point"},"id":"fid-56255e06_16a2f4f9946_-66ba","type":"Feature","properties":{"start_time":"1406863832000","start_lat":"40.0314","end_time":"1406864856000","car_id":"eeb0e1ec05c60cb842c81a5c5bf082af","end_lon":"116.44517"}},{"geometry":{"coordinates":[116.4303,40.0331],"type":"Point"},"id":"fid-56255e06_16a2f4f9946_-66bb","type":"Feature","properties":{"start_time":"1406864194000","start_lat":"40.03596","end_time":"1406864168000","car_id":"eeb0e1ec05c60cb842c81a5c5bf082af","end_lon":"116.43102"}},{"geometry":{"coordinates":[116.416,40.0437],"type":"Point"},"id":"fid-56255e06_16a2f4f9946_-66bc","type":"Feature","properties":{"start_time":"1406863894000","start_lat":"40.03125","end_time":"1406864495000","car_id":"eeb0e1ec05c60cb842c81a5c5bf082af","end_lon":"116.43386"}},{"geometry":{"coordinates":[116.4086,40.0314],"type":"Point"},"id":"fid-56255e06_16a2f4f9946_-66bd","type":"Feature","properties":{"start_time":"1406863785000","start_lat":"40.03136","end_time":"1406863790000","car_id":"eeb0e1ec05c60cb842c81a5c5bf082af","end_lon":"116.40924"}},{"geometry":{"coordinates":[116.497,39.8996],"type":"Point"},"id":"fid-56255e06_16a2f4f9946_-66be","type":"Feature","properties":{"start_time":"1406905826000","start_lat":"39.97047","end_time":"1406906846000","car_id":"9d1bafb512d6d0a6af1f0d1bb2ade61f","end_lon":"116.49473"}},{"geometry":{"coordinates":[116.5082,39.9526],"type":"Point"},"id":"fid-56255e06_16a2f4f9946_-66bf","type":"Feature","properties":{"start_time":"1406905730000","start_lat":"39.9743","end_time":"1406906066000","car_id":"9d1bafb512d6d0a6af1f0d1bb2ade61f","end_lon":"116.49591"}},{"geometry":{"coordinates":[116.4976,39.972],"type":"Point"},"id":"fid-56255e06_16a2f4f9946_-66c0","type":"Feature","properties":{"start_time":"1406905154000","start_lat":"39.96178","end_time":"1406905766000","car_id":"9d1bafb512d6d0a6af1f0d1bb2ade61f","end_lon":"116.5043"}},{"geometry":{"coordinates":[116.4837,39.9617],"type":"Point"},"id":"fid-56255e06_16a2f4f9946_-66c1","type":"Feature","properties":{"start_time":"1406904742000","start_lat":"39.97528","end_time":"1406905153000","car_id":"9d1bafb512d6d0a6af1f0d1bb2ade61f","end_lon":"116.49758"}},{"geometry":{"coordinates":[116.4932,39.9807],"type":"Point"},"id":"fid-56255e06_16a2f4f9946_-66c2","type":"Feature","properties":{"start_time":"1406904922000","start_lat":"39.97063","end_time":"1406904637000","car_id":"9d1bafb512d6d0a6af1f0d1bb2ade61f","end_lon":"116.4835"}},{"geometry":{"coordinates":[116.539,40.0091],"type":"Point"},"id":"fid-56255e06_16a2f4f9946_-66c3","type":"Feature","properties":{"start_time":"1406903595000","start_lat":"40.00795","end_time":"1406903656000","car_id":"9d1bafb512d6d0a6af1f0d1bb2ade61f","end_lon":"116.54707"}},{"geometry":{"coordinates":[116.5233,40.0101],"type":"Point"},"id":"fid-56255e06_16a2f4f9946_-66c4","type":"Feature","properties":{"start_time":"1406903475000","start_lat":"40.00608","end_time":"1406903716000","car_id":"9d1bafb512d6d0a6af1f0d1bb2ade61f","end_lon":"116.55402"}},{"geometry":{"coordinates":[116.4825,40.0062],"type":"Point"},"id":"fid-56255e06_16a2f4f9946_-66c5","type":"Feature","properties":{"start_time":"1406902872000","start_lat":"39.98733","end_time":"1406903353000","car_id":"9d1bafb512d6d0a6af1f0d1bb2ade61f","end_lon":"116.50672"}},{"geometry":{"coordinates":[116.4775,39.9883],"type":"Point"},"id":"fid-56255e06_16a2f4f9946_-66c6","type":"Feature","properties":{"start_time":"1406902692000","start_lat":"39.99067","end_time":"1406902812000","car_id":"9d1bafb512d6d0a6af1f0d1bb2ade61f","end_lon":"116.48098"}},{"geometry":{"coordinates":[116.43,39.9711],"type":"Point"},"id":"fid-56255e06_16a2f4f9946_-66c7","type":"Feature","properties":{"start_time":"1406901788000","start_lat":"39.96832","end_time":"1406902219000","car_id":"9d1bafb512d6d0a6af1f0d1bb2ade61f","end_lon":"116.44135"}},{"geometry":{"coordinates":[116.4345,39.9709],"type":"Point"},"id":"fid-56255e06_16a2f4f9946_-66c8","type":"Feature","properties":{"start_time":"1406901607000","start_lat":"39.97482","end_time":"1406901667000","car_id":"9d1bafb512d6d0a6af1f0d1bb2ade61f","end_lon":"116.43653"}},{"geometry":{"coordinates":[116.4116,39.9757],"type":"Point"},"id":"fid-56255e06_16a2f4f9946_-66c9","type":"Feature","properties":{"start_time":"1406901380000","start_lat":"39.97558","end_time":"1406901487000","car_id":"9d1bafb512d6d0a6af1f0d1bb2ade61f","end_lon":"116.41729"}},{"geometry":{"coordinates":[116.414,39.9942],"type":"Point"},"id":"fid-56255e06_16a2f4f9946_-66ca","type":"Feature","properties":{"start_time":"1406901425000","start_lat":"39.97563","end_time":"1406900944000","car_id":"9d1bafb512d6d0a6af1f0d1bb2ade61f","end_lon":"116.41063"}},{"geometry":{"coordinates":[116.4106,39.9881],"type":"Point"},"id":"fid-56255e06_16a2f4f9946_-66cb","type":"Feature","properties":{"start_time":"1406900884000","start_lat":"39.99424","end_time":"1406901005000","car_id":"9d1bafb512d6d0a6af1f0d1bb2ade61f","end_lon":"116.41059"}},{"geometry":{"coordinates":[116.4184,40],"type":"Point"},"id":"fid-56255e06_16a2f4f9946_-66cc","type":"Feature","properties":{"start_time":"1406900704000","start_lat":"39.99819","end_time":"1406900644000","car_id":"9d1bafb512d6d0a6af1f0d1bb2ade61f","end_lon":"116.41867"}},{"geometry":{"coordinates":[116.4187,39.9983],"type":"Point"},"id":"fid-56255e06_16a2f4f9946_-66cd","type":"Feature","properties":{"start_time":"1406900638000","start_lat":"40.00027","end_time":"1406900522000","car_id":"9d1bafb512d6d0a6af1f0d1bb2ade61f","end_lon":"116.41849"}},{"geometry":{"coordinates":[116.4178,39.9754],"type":"Point"},"id":"fid-56255e06_16a2f4f9946_-66ce","type":"Feature","properties":{"start_time":"1406900341000","start_lat":"39.98619","end_time":"1406900161000","car_id":"9d1bafb512d6d0a6af1f0d1bb2ade61f","end_lon":"116.41834"}},{"geometry":{"coordinates":[116.4199,39.958],"type":"Point"},"id":"fid-56255e06_16a2f4f9946_-66cf","type":"Feature","properties":{"start_time":"1406898238000","start_lat":"39.94844","end_time":"1406898538000","car_id":"9d1bafb512d6d0a6af1f0d1bb2ade61f","end_lon":"116.42364"}},{"geometry":{"coordinates":[116.4474,39.9574],"type":"Point"},"id":"fid-56255e06_16a2f4f9946_-66d0","type":"Feature","properties":{"start_time":"1406897635000","start_lat":"39.93248","end_time":"1406898478000","car_id":"9d1bafb512d6d0a6af1f0d1bb2ade61f","end_lon":"116.41879"}},{"geometry":{"coordinates":[116.454,39.911],"type":"Point"},"id":"fid-56255e06_16a2f4f9946_-66d1","type":"Feature","properties":{"start_time":"1406897251000","start_lat":"39.90694","end_time":"1406897333000","car_id":"9d1bafb512d6d0a6af1f0d1bb2ade61f","end_lon":"116.45575"}},{"geometry":{"coordinates":[116.4492,39.9182],"type":"Point"},"id":"fid-56255e06_16a2f4f9946_-66d2","type":"Feature","properties":{"start_time":"1406896187000","start_lat":"39.93483","end_time":"1406897394000","car_id":"9d1bafb512d6d0a6af1f0d1bb2ade61f","end_lon":"116.45544"}},{"geometry":{"coordinates":[116.4493,39.9331],"type":"Point"},"id":"fid-56255e06_16a2f4f9946_-66d3","type":"Feature","properties":{"start_time":"1406896262000","start_lat":"39.93633","end_time":"1406896127000","car_id":"9d1bafb512d6d0a6af1f0d1bb2ade61f","end_lon":"116.44926"}},{"geometry":{"coordinates":[116.4966,39.9271],"type":"Point"},"id":"fid-56255e06_16a2f4f9946_-66d4","type":"Feature","properties":{"start_time":"1406894975000","start_lat":"39.9194","end_time":"1406895886000","car_id":"9d1bafb512d6d0a6af1f0d1bb2ade61f","end_lon":"116.45567"}},{"geometry":{"coordinates":[116.4713,39.9215],"type":"Point"},"id":"fid-56255e06_16a2f4f9946_-66d5","type":"Feature","properties":{"start_time":"1406894502000","start_lat":"39.92154","end_time":"1406895164000","car_id":"9d1bafb512d6d0a6af1f0d1bb2ade61f","end_lon":"116.49587"}},{"geometry":{"coordinates":[116.4108,39.9218],"type":"Point"},"id":"fid-56255e06_16a2f4f9946_-66d6","type":"Feature","properties":{"start_time":"1406892759000","start_lat":"39.9351","end_time":"1406894321000","car_id":"9d1bafb512d6d0a6af1f0d1bb2ade61f","end_lon":"116.46342"}},{"geometry":{"coordinates":[116.4107,39.9396],"type":"Point"},"id":"fid-56255e06_16a2f4f9946_-66d7","type":"Feature","properties":{"start_time":"1406892939000","start_lat":"39.93807","end_time":"1406893239000","car_id":"9d1bafb512d6d0a6af1f0d1bb2ade61f","end_lon":"116.4269"}},{"geometry":{"coordinates":[116.4203,39.9219],"type":"Point"},"id":"fid-56255e06_16a2f4f9946_-66d8","type":"Feature","properties":{"start_time":"1406892339000","start_lat":"39.91446","end_time":"1406892459000","car_id":"9d1bafb512d6d0a6af1f0d1bb2ade61f","end_lon":"116.42003"}},{"geometry":{"coordinates":[116.4144,39.9142],"type":"Point"},"id":"fid-56255e06_16a2f4f9946_-66d9","type":"Feature","properties":{"start_time":"1406892519000","start_lat":"39.92303","end_time":"1406892278000","car_id":"9d1bafb512d6d0a6af1f0d1bb2ade61f","end_lon":"116.41811"}},{"geometry":{"coordinates":[116.4122,39.9084],"type":"Point"},"id":"fid-56255e06_16a2f4f9946_-66da","type":"Feature","properties":{"start_time":"1406891498000","start_lat":"39.90697","end_time":"1406891858000","car_id":"9d1bafb512d6d0a6af1f0d1bb2ade61f","end_lon":"116.40518"}},{"geometry":{"coordinates":[116.4409,39.9072],"type":"Point"},"id":"fid-56255e06_16a2f4f9946_-66db","type":"Feature","properties":{"start_time":"1406890111000","start_lat":"39.83789","end_time":"1406891378000","car_id":"9d1bafb512d6d0a6af1f0d1bb2ade61f","end_lon":"116.43079"}},{"geometry":{"coordinates":[116.4392,39.8467],"type":"Point"},"id":"fid-56255e06_16a2f4f9946_-66dc","type":"Feature","properties":{"start_time":"1406890415000","start_lat":"39.85623","end_time":"1406890295000","car_id":"9d1bafb512d6d0a6af1f0d1bb2ade61f","end_lon":"116.44013"}},{"geometry":{"coordinates":[116.4982,39.8099],"type":"Point"},"id":"fid-56255e06_16a2f4f9946_-66dd","type":"Feature","properties":{"start_time":"1406888671000","start_lat":"39.8069","end_time":"1406888611000","car_id":"9d1bafb512d6d0a6af1f0d1bb2ade61f","end_lon":"116.49565"}},{"geometry":{"coordinates":[116.4902,39.8102],"type":"Point"},"id":"fid-56255e06_16a2f4f9946_-66de","type":"Feature","properties":{"start_time":"1406888453000","start_lat":"39.80764","end_time":"1406888791000","car_id":"9d1bafb512d6d0a6af1f0d1bb2ade61f","end_lon":"116.50219"}},{"geometry":{"coordinates":[116.44,39.8077],"type":"Point"},"id":"fid-56255e06_16a2f4f9946_-66df","type":"Feature","properties":{"start_time":"1406886480000","start_lat":"39.88292","end_time":"1406888551000","car_id":"9d1bafb512d6d0a6af1f0d1bb2ade61f","end_lon":"116.49038"}},{"geometry":{"coordinates":[116.4465,39.8831],"type":"Point"},"id":"fid-56255e06_16a2f4f9946_-66e0","type":"Feature","properties":{"start_time":"1406886569000","start_lat":"39.88319","end_time":"1406886629000","car_id":"9d1bafb512d6d0a6af1f0d1bb2ade61f","end_lon":"116.44882"}},{"geometry":{"coordinates":[116.4463,39.8595],"type":"Point"},"id":"fid-56255e06_16a2f4f9946_-66e1","type":"Feature","properties":{"start_time":"1406880740000","start_lat":"39.95728","end_time":"1406883144000","car_id":"9d1bafb512d6d0a6af1f0d1bb2ade61f","end_lon":"116.37087"}},{"geometry":{"coordinates":[116.4537,39.9565],"type":"Point"},"id":"fid-56255e06_16a2f4f9946_-66e2","type":"Feature","properties":{"start_time":"1406880921000","start_lat":"39.95275","end_time":"1406880619000","car_id":"9d1bafb512d6d0a6af1f0d1bb2ade61f","end_lon":"116.4483"}},{"geometry":{"coordinates":[116.4544,39.9504],"type":"Point"},"id":"fid-56255e06_16a2f4f9946_-66e3","type":"Feature","properties":{"start_time":"1406880528000","start_lat":"39.95389","end_time":"1406880259000","car_id":"9d1bafb512d6d0a6af1f0d1bb2ade61f","end_lon":"116.46296"}},{"geometry":{"coordinates":[116.4745,39.9546],"type":"Point"},"id":"fid-56255e06_16a2f4f9946_-66e4","type":"Feature","properties":{"start_time":"1406879959000","start_lat":"39.96236","end_time":"1406880079000","car_id":"9d1bafb512d6d0a6af1f0d1bb2ade61f","end_lon":"116.4761"}},{"geometry":{"coordinates":[116.4776,39.9776],"type":"Point"},"id":"fid-56255e06_16a2f4f9946_-66e5","type":"Feature","properties":{"start_time":"1406879479000","start_lat":"39.98231","end_time":"1406879621000","car_id":"9d1bafb512d6d0a6af1f0d1bb2ade61f","end_lon":"116.48084"}},{"geometry":{"coordinates":[116.4063,39.9712],"type":"Point"},"id":"fid-56255e06_16a2f4f9946_-66e6","type":"Feature","properties":{"start_time":"1406876896000","start_lat":"40.07067","end_time":"1406879779000","car_id":"9d1bafb512d6d0a6af1f0d1bb2ade61f","end_lon":"116.4736"}},{"geometry":{"coordinates":[116.4236,40.0697],"type":"Point"},"id":"fid-56255e06_16a2f4f9946_-66e7","type":"Feature","properties":{"start_time":"1406875876000","start_lat":"40.06859","end_time":"1406875936000","car_id":"9d1bafb512d6d0a6af1f0d1bb2ade61f","end_lon":"116.41691"}},{"geometry":{"coordinates":[116.4074,40.1026],"type":"Point"},"id":"fid-56255e06_16a2f4f9946_-66e8","type":"Feature","properties":{"start_time":"1406876296000","start_lat":"40.08772","end_time":"1406876540000","car_id":"9d1bafb512d6d0a6af1f0d1bb2ade61f","end_lon":"116.40605"}},{"geometry":{"coordinates":[116.4066,40.0873],"type":"Point"},"id":"fid-56255e06_16a2f4f9946_-66e9","type":"Feature","properties":{"start_time":"1406876596000","start_lat":"40.09513","end_time":"1406876236000","car_id":"9d1bafb512d6d0a6af1f0d1bb2ade61f","end_lon":"116.40747"}},{"geometry":{"coordinates":[116.4304,40.0776],"type":"Point"},"id":"fid-56255e06_16a2f4f9946_-66ea","type":"Feature","properties":{"start_time":"1406875516000","start_lat":"40.07353","end_time":"1406876056000","car_id":"9d1bafb512d6d0a6af1f0d1bb2ade61f","end_lon":"116.41501"}},{"geometry":{"coordinates":[116.3506,40.0606],"type":"Point"},"id":"fid-56255e06_16a2f4f9946_-66eb","type":"Feature","properties":{"start_time":"1406872094000","start_lat":"39.91726","end_time":"1406874316000","car_id":"9d1bafb512d6d0a6af1f0d1bb2ade61f","end_lon":"116.41689"}},{"geometry":{"coordinates":[116.3499,39.9141],"type":"Point"},"id":"fid-56255e06_16a2f4f9946_-66ec","type":"Feature","properties":{"start_time":"1406872274000","start_lat":"39.92726","end_time":"1406871973000","car_id":"9d1bafb512d6d0a6af1f0d1bb2ade61f","end_lon":"116.35362"}},{"geometry":{"coordinates":[116.3431,39.8971],"type":"Point"},"id":"fid-56255e06_16a2f4f9946_-66ed","type":"Feature","properties":{"start_time":"1406871370000","start_lat":"39.89601","end_time":"1406871491000","car_id":"9d1bafb512d6d0a6af1f0d1bb2ade61f","end_lon":"116.34878"}},{"geometry":{"coordinates":[116.3507,39.8884],"type":"Point"},"id":"fid-56255e06_16a2f4f9946_-66ee","type":"Feature","properties":{"start_time":"1406871552000","start_lat":"39.89997","end_time":"1406871250000","car_id":"9d1bafb512d6d0a6af1f0d1bb2ade61f","end_lon":"116.34551"}},{"geometry":{"coordinates":[116.4039,39.8924],"type":"Point"},"id":"fid-56255e06_16a2f4f9946_-66ef","type":"Feature","properties":{"start_time":"1406869259000","start_lat":"39.96623","end_time":"1406870950000","car_id":"9d1bafb512d6d0a6af1f0d1bb2ade61f","end_lon":"116.35715"}},{"geometry":{"coordinates":[116.4274,39.9503],"type":"Point"},"id":"fid-56255e06_16a2f4f9946_-66f0","type":"Feature","properties":{"start_time":"1406867650000","start_lat":"39.96848","end_time":"1406867410000","car_id":"9d1bafb512d6d0a6af1f0d1bb2ade61f","end_lon":"116.45575"}},{"geometry":{"coordinates":[116.4543,39.9553],"type":"Point"},"id":"fid-56255e06_16a2f4f9946_-66f1","type":"Feature","properties":{"start_time":"1406866510000","start_lat":"39.94786","end_time":"1406867470000","car_id":"9d1bafb512d6d0a6af1f0d1bb2ade61f","end_lon":"116.45004"}},{"geometry":{"coordinates":[116.4552,39.9459],"type":"Point"},"id":"fid-56255e06_16a2f4f9946_-66f2","type":"Feature","properties":{"start_time":"1406866630000","start_lat":"39.94034","end_time":"1406867332000","car_id":"9d1bafb512d6d0a6af1f0d1bb2ade61f","end_lon":"116.45672"}},{"geometry":{"coordinates":[116.4609,39.9463],"type":"Point"},"id":"fid-56255e06_16a2f4f9946_-66f3","type":"Feature","properties":{"start_time":"1406866870000","start_lat":"39.93262","end_time":"1406867290000","car_id":"9d1bafb512d6d0a6af1f0d1bb2ade61f","end_lon":"116.45987"}},{"geometry":{"coordinates":[116.4348,39.9609],"type":"Point"},"id":"fid-56255e06_16a2f4f9946_-66f4","type":"Feature","properties":{"start_time":"1406867590000","start_lat":"39.96538","end_time":"1406867530000","car_id":"9d1bafb512d6d0a6af1f0d1bb2ade61f","end_lon":"116.44155"}},{"geometry":{"coordinates":[116.4362,39.9698],"type":"Point"},"id":"fid-56255e06_16a2f4f9946_-66f5","type":"Feature","properties":{"start_time":"1406864950000","start_lat":"39.96641","end_time":"1406865010000","car_id":"9d1bafb512d6d0a6af1f0d1bb2ade61f","end_lon":"116.43976"}},{"geometry":{"coordinates":[116.4381,39.9581],"type":"Point"},"id":"fid-56255e06_16a2f4f9946_-66f6","type":"Feature","properties":{"start_time":"1406864890000","start_lat":"39.96343","end_time":"1406864229000","car_id":"9d1bafb512d6d0a6af1f0d1bb2ade61f","end_lon":"116.4249"}},{"geometry":{"coordinates":[116.4076,39.9614],"type":"Point"},"id":"fid-56255e06_16a2f4f9946_-66f7","type":"Feature","properties":{"start_time":"1406863567000","start_lat":"39.96767","end_time":"1406864710000","car_id":"9d1bafb512d6d0a6af1f0d1bb2ade61f","end_lon":"116.4306"}},{"geometry":{"coordinates":[116.3902,39.9478],"type":"Point"},"id":"fid-56255e06_16a2f4f9946_-66f8","type":"Feature","properties":{"start_time":"1406862665000","start_lat":"39.94743","end_time":"1406862845000","car_id":"9d1bafb512d6d0a6af1f0d1bb2ade61f","end_lon":"116.4098"}},{"geometry":{"coordinates":[116.3812,39.9575],"type":"Point"},"id":"fid-56255e06_16a2f4f9946_-66f9","type":"Feature","properties":{"start_time":"1406862065000","start_lat":"39.98935","end_time":"1406862485000","car_id":"9d1bafb512d6d0a6af1f0d1bb2ade61f","end_lon":"116.38882"}},{"geometry":{"coordinates":[116.3818,39.9927],"type":"Point"},"id":"fid-56255e06_16a2f4f9946_-66fa","type":"Feature","properties":{"start_time":"1406862245000","start_lat":"39.97614","end_time":"1406861945000","car_id":"9d1bafb512d6d0a6af1f0d1bb2ade61f","end_lon":"116.37319"}},{"geometry":{"coordinates":[116.3462,40.0062],"type":"Point"},"id":"fid-56255e06_16a2f4f9946_-66fb","type":"Feature","properties":{"start_time":"1406859757000","start_lat":"40.00741","end_time":"1406859516000","car_id":"9d1bafb512d6d0a6af1f0d1bb2ade61f","end_lon":"116.34636"}},{"geometry":{"coordinates":[116.3682,40.0062],"type":"Point"},"id":"fid-56255e06_16a2f4f9946_-66fc","type":"Feature","properties":{"start_time":"1406856933000","start_lat":"39.86804","end_time":"1406859576000","car_id":"9d1bafb512d6d0a6af1f0d1bb2ade61f","end_lon":"116.34636"}},{"geometry":{"coordinates":[116.3774,39.8559],"type":"Point"},"id":"fid-56255e06_16a2f4f9946_-66fd","type":"Feature","properties":{"start_time":"1406855193000","start_lat":"39.85583","end_time":"1406855253000","car_id":"9d1bafb512d6d0a6af1f0d1bb2ade61f","end_lon":"116.3721"}},{"geometry":{"coordinates":[116.3876,39.8584],"type":"Point"},"id":"fid-56255e06_16a2f4f9946_-66fe","type":"Feature","properties":{"start_time":"1406855133000","start_lat":"39.85569","end_time":"1406855313000","car_id":"9d1bafb512d6d0a6af1f0d1bb2ade61f","end_lon":"116.37235"}},{"geometry":{"coordinates":[116.4439,39.8597],"type":"Point"},"id":"fid-56255e06_16a2f4f9946_-66ff","type":"Feature","properties":{"start_time":"1406853399000","start_lat":"39.96457","end_time":"1406855373000","car_id":"9d1bafb512d6d0a6af1f0d1bb2ade61f","end_lon":"116.37065"}},{"geometry":{"coordinates":[116.442,39.9646],"type":"Point"},"id":"fid-56255e06_16a2f4f9946_-6700","type":"Feature","properties":{"start_time":"1406853632000","start_lat":"39.96284","end_time":"1406853397000","car_id":"9d1bafb512d6d0a6af1f0d1bb2ade61f","end_lon":"116.44394"}}],"bbox":[116.15389,39.78929,116.67507,40.10265],"type":"FeatureCollection"}
